id,pose_x,pose_y,pose_z,rot_x,rot_y,rot_z,rot_w,command,
0,5.22858,-4.68352,0,0,0,0.999999,0.00119233,
1,0.500047,-4.67224,0,0,0,0.99983,0.0184259,
2,0.0194989,-0.0111455,0,0,0,-0.0011928,0.999999,
